{
    "n_estimators": 500,
    "max_depth": 7,
    "learning_rate": 0.08341106432362087,
    "subsample": 0.608233797718321,
    "colsample_bytree": 0.9879639408647978,
    "reg_alpha": 0.8324426408004217,
    "reg_lambda": 1.0308477766956905
}